dataset	model	rank	feature	mean_abs_shap
pcp_aac	knn	1	pI	0.042656558335130414
pcp_aac	knn	2	length	0.03677683195099483
pcp_aac	knn	3	mw	0.03496366689646802
pcp_aac	knn	4	P	0.03426001476730062
pcp_aac	knn	5	instability	0.028265276612632034
pcp_aac	knn	6	E	0.027244007994727072
pcp_aac	knn	7	C	0.021699021574023307
pcp_aac	knn	8	V	0.0211105573825469
pcp_aac	knn	9	L	0.020160537795581118
pcp_aac	knn	10	M	0.01992582946814833
pcp_aac	knn	11	K	0.01943704257558087
pcp_aac	knn	12	I	0.01757822416821236
pcp_aac	knn	13	W	0.017554347969852037
pcp_aac	knn	14	D	0.0170558083598631
pcp_aac	knn	15	G	0.015740963683301384
pcp_aac	knn	16	N	0.014188921330770118
pcp_aac	knn	17	S	0.012735351748622944
pcp_aac	knn	18	aromaticity	0.012483400539225756
pcp_aac	knn	19	R	0.011915719477022767
pcp_aac	knn	20	T	0.011754453219840741
pcp_aac	logistic_regression	1	pI	0.17793884395803797
pcp_aac	logistic_regression	2	length	0.08910299249786185
pcp_aac	logistic_regression	3	W	0.05625964743665098
pcp_aac	logistic_regression	4	P	0.05358724981242239
pcp_aac	logistic_regression	5	M	0.047236358738656684
pcp_aac	logistic_regression	6	instability	0.03755334176574149
pcp_aac	logistic_regression	7	T	0.03537072820043854
pcp_aac	logistic_regression	8	R	0.030596159429518804
pcp_aac	logistic_regression	9	E	0.0304446713704431
pcp_aac	logistic_regression	10	Q	0.028647745562072065
pcp_aac	logistic_regression	11	I	0.02760694142115303
pcp_aac	logistic_regression	12	G	0.026583693119665835
pcp_aac	logistic_regression	13	K	0.026237607363444767
pcp_aac	logistic_regression	14	C	0.01659713555268487
pcp_aac	logistic_regression	15	mw	0.015507714527997492
pcp_aac	logistic_regression	16	L	0.014436828594627608
pcp_aac	logistic_regression	17	V	0.012893743097921406
pcp_aac	logistic_regression	18	A	0.011571951301363351
pcp_aac	logistic_regression	19	aromaticity	0.009808552709756835
pcp_aac	logistic_regression	20	F	0.008609296463671322
pcp_aac	svm_linear	1	pI	0.07267468893458769
pcp_aac	svm_linear	2	length	0.03833176106678387
pcp_aac	svm_linear	3	E	0.03748348950321456
pcp_aac	svm_linear	4	P	0.03525216706757102
pcp_aac	svm_linear	5	mw	0.03197136809012795
pcp_aac	svm_linear	6	M	0.03138209380940518
pcp_aac	svm_linear	7	W	0.029365271154496587
pcp_aac	svm_linear	8	G	0.024745445262748234
pcp_aac	svm_linear	9	instability	0.024165743303896894
pcp_aac	svm_linear	10	T	0.02142235794118255
pcp_aac	svm_linear	11	L	0.02106491394818577
pcp_aac	svm_linear	12	I	0.016547735292766364
pcp_aac	svm_linear	13	N	0.011552442152000719
pcp_aac	svm_linear	14	F	0.011064129648685053
pcp_aac	svm_linear	15	V	0.009291057616644964
pcp_aac	svm_linear	16	K	0.008949138131789915
pcp_aac	svm_linear	17	Q	0.008768274753551868
pcp_aac	svm_linear	18	A	0.007446937462940773
pcp_aac	svm_linear	19	C	0.0074342890828119745
pcp_aac	svm_linear	20	R	0.006820832996889467
pcp_aac	svm_rbf	1	length	0.03508664976254457
pcp_aac	svm_rbf	2	mw	0.03414301332729661
pcp_aac	svm_rbf	3	pI	0.033489619036691905
pcp_aac	svm_rbf	4	P	0.02684726175715071
pcp_aac	svm_rbf	5	C	0.02462876478170433
pcp_aac	svm_rbf	6	E	0.023526930488001606
pcp_aac	svm_rbf	7	M	0.02169610343646299
pcp_aac	svm_rbf	8	I	0.02130414325596138
pcp_aac	svm_rbf	9	W	0.018174759870269598
pcp_aac	svm_rbf	10	V	0.016868825986090095
pcp_aac	svm_rbf	11	G	0.015441342868360429
pcp_aac	svm_rbf	12	L	0.014969147139781546
pcp_aac	svm_rbf	13	T	0.014649283422952243
pcp_aac	svm_rbf	14	instability	0.013090439330353094
pcp_aac	svm_rbf	15	N	0.013048221948150106
pcp_aac	svm_rbf	16	K	0.012262401575173004
pcp_aac	svm_rbf	17	D	0.011684701189851921
pcp_aac	svm_rbf	18	F	0.010913361312978166
pcp_aac	svm_rbf	19	Q	0.01006001025698512
pcp_aac	svm_rbf	20	A	0.009548098444474703
pcp_aac	xgboost	1	length	1.1168458576126332
pcp_aac	xgboost	2	pI	1.0645453976149595
pcp_aac	xgboost	3	E	0.9467735296639614
pcp_aac	xgboost	4	P	0.8787439715954725
pcp_aac	xgboost	5	F	0.7738788826947854
pcp_aac	xgboost	6	mw	0.7723860277560539
pcp_aac	xgboost	7	Y	0.7467861787903006
pcp_aac	xgboost	8	instability	0.7368613784445492
pcp_aac	xgboost	9	R	0.6452649738936721
pcp_aac	xgboost	10	I	0.6379548230877056
pcp_aac	xgboost	11	M	0.558547623948753
pcp_aac	xgboost	12	L	0.5022966761555951
pcp_aac	xgboost	13	aromaticity	0.4140584516482002
pcp_aac	xgboost	14	G	0.37766900586830454
pcp_aac	xgboost	15	D	0.34432642336447006
pcp_aac	xgboost	16	A	0.266283364476282
pcp_aac	xgboost	17	N	0.2528914304379296
pcp_aac	xgboost	18	T	0.18321255565309352
pcp_aac	xgboost	19	K	0.15632901045891545
pcp_aac	xgboost	20	H	0.1559472106099129
pcp_aac_ctd	knn	1	mw	0.025661652896479405
pcp_aac_ctd	knn	2	length	0.02550940418162162
pcp_aac_ctd	knn	3	C	0.019763970871632928
pcp_aac_ctd	knn	4	pI	0.01304852586837271
pcp_aac_ctd	knn	5	_ChargeD3050	0.011290093590163926
pcp_aac_ctd	knn	6	_HydrophobicityT12	0.010873941564398729
pcp_aac_ctd	knn	7	_ChargeT23	0.010741892668532588
pcp_aac_ctd	knn	8	_NormalizedVDWVC1	0.010028534580984532
pcp_aac_ctd	knn	9	instability	0.009753845696418462
pcp_aac_ctd	knn	10	_SecondaryStrC3	0.009533039845095823
pcp_aac_ctd	knn	11	_ChargeC3	0.008715596824727763
pcp_aac_ctd	knn	12	_ChargeD1100	0.008631182109018467
pcp_aac_ctd	knn	13	_ChargeD3075	0.008220775400343465
pcp_aac_ctd	knn	14	_PolarityC1	0.00819990613653375
pcp_aac_ctd	knn	15	_PolarizabilityC3	0.007842563243982557
pcp_aac_ctd	knn	16	_NormalizedVDWVC3	0.007680092937708279
pcp_aac_ctd	knn	17	_HydrophobicityC3	0.007629438631031902
pcp_aac_ctd	knn	18	_SecondaryStrC1	0.007543139089668772
pcp_aac_ctd	knn	19	P	0.007512909642246656
pcp_aac_ctd	knn	20	_SolventAccessibilityT23	0.007217456231838467
pcp_aac_ctd	logistic_regression	1	mw	0.05811988260019766
pcp_aac_ctd	logistic_regression	2	length	0.05578302690811639
pcp_aac_ctd	logistic_regression	3	_PolarizabilityD2100	0.04456503344585622
pcp_aac_ctd	logistic_regression	4	_SolventAccessibilityD1050	0.04066568265331744
pcp_aac_ctd	logistic_regression	5	_SecondaryStrD2100	0.04045090459058961
pcp_aac_ctd	logistic_regression	6	C	0.03842102539295547
pcp_aac_ctd	logistic_regression	7	_ChargeD1100	0.03654273844022788
pcp_aac_ctd	logistic_regression	8	_HydrophobicityD3100	0.03559011784051299
pcp_aac_ctd	logistic_regression	9	_ChargeD3050	0.03457621154325339
pcp_aac_ctd	logistic_regression	10	_SolventAccessibilityD3001	0.032416328898609625
pcp_aac_ctd	logistic_regression	11	_SecondaryStrT13	0.03231692696612822
pcp_aac_ctd	logistic_regression	12	_HydrophobicityT13	0.030875581798104252
pcp_aac_ctd	logistic_regression	13	_PolarityD2100	0.03044766145581845
pcp_aac_ctd	logistic_regression	14	instability	0.02958428217460271
pcp_aac_ctd	logistic_regression	15	_PolarityD1100	0.0291969700929072
pcp_aac_ctd	logistic_regression	16	W	0.027396134913985175
pcp_aac_ctd	logistic_regression	17	_SecondaryStrD1001	0.026858602501709718
pcp_aac_ctd	logistic_regression	18	_PolarizabilityD1075	0.02674646285783479
pcp_aac_ctd	logistic_regression	19	_PolarityD2075	0.026558609383596308
pcp_aac_ctd	logistic_regression	20	_SecondaryStrT23	0.02635232579370837
pcp_aac_ctd	svm_linear	1	length	0.04497707110334982
pcp_aac_ctd	svm_linear	2	mw	0.042816932716585994
pcp_aac_ctd	svm_linear	3	pI	0.030437516608168905
pcp_aac_ctd	svm_linear	4	C	0.029372708304959846
pcp_aac_ctd	svm_linear	5	_SolventAccessibilityD1050	0.028103469223842107
pcp_aac_ctd	svm_linear	6	_ChargeD1100	0.01998160600939044
pcp_aac_ctd	svm_linear	7	_PolarizabilityD2100	0.01976742863095388
pcp_aac_ctd	svm_linear	8	_PolarizabilityD1050	0.01948719731658917
pcp_aac_ctd	svm_linear	9	instability	0.019302630039626862
pcp_aac_ctd	svm_linear	10	W	0.0191529237301696
pcp_aac_ctd	svm_linear	11	_PolarityD2075	0.018908855567630518
pcp_aac_ctd	svm_linear	12	_SecondaryStrD3050	0.01804012308052232
pcp_aac_ctd	svm_linear	13	_SolventAccessibilityD3075	0.017922472223096068
pcp_aac_ctd	svm_linear	14	_HydrophobicityD3100	0.01766222046996418
pcp_aac_ctd	svm_linear	15	G	0.01763046099145847
pcp_aac_ctd	svm_linear	16	_ChargeT23	0.016968665285369916
pcp_aac_ctd	svm_linear	17	_HydrophobicityT13	0.016454756055531802
pcp_aac_ctd	svm_linear	18	_HydrophobicityD2100	0.016251110084190484
pcp_aac_ctd	svm_linear	19	_SecondaryStrT23	0.01593130902315439
pcp_aac_ctd	svm_linear	20	_SolventAccessibilityD3050	0.01590053691273246
pcp_aac_ctd	svm_rbf	1	length	0.03087178190147781
pcp_aac_ctd	svm_rbf	2	mw	0.030061472182409118
pcp_aac_ctd	svm_rbf	3	C	0.02351719749635486
pcp_aac_ctd	svm_rbf	4	pI	0.013878595486566525
pcp_aac_ctd	svm_rbf	5	_SolventAccessibilityD1050	0.011712474794799498
pcp_aac_ctd	svm_rbf	6	P	0.011580522275912735
pcp_aac_ctd	svm_rbf	7	_PolarizabilityT13	0.009672327201398035
pcp_aac_ctd	svm_rbf	8	_NormalizedVDWVC1	0.009468060164527644
pcp_aac_ctd	svm_rbf	9	_ChargeC3	0.009307251911858001
pcp_aac_ctd	svm_rbf	10	_SecondaryStrT13	0.009178742659152977
pcp_aac_ctd	svm_rbf	11	_PolarityD2050	0.008779394981640674
pcp_aac_ctd	svm_rbf	12	_ChargeD3050	0.008189604341696155
pcp_aac_ctd	svm_rbf	13	_SecondaryStrC3	0.00818112777337351
pcp_aac_ctd	svm_rbf	14	T	0.00818087454051355
pcp_aac_ctd	svm_rbf	15	_SecondaryStrD1100	0.008096605646117912
pcp_aac_ctd	svm_rbf	16	instability	0.007920007394589632
pcp_aac_ctd	svm_rbf	17	_ChargeT23	0.007661275955403111
pcp_aac_ctd	svm_rbf	18	_SolventAccessibilityD3075	0.007571230282853739
pcp_aac_ctd	svm_rbf	19	_ChargeD2075	0.0075254841764442245
pcp_aac_ctd	svm_rbf	20	L	0.007477451152289718
pcp_aac_ctd	xgboost	1	pI	0.5394542868388821
pcp_aac_ctd	xgboost	2	P	0.5329056520182329
pcp_aac_ctd	xgboost	3	E	0.3318778585058171
pcp_aac_ctd	xgboost	4	instability	0.3225407528912805
pcp_aac_ctd	xgboost	5	_SolventAccessibilityD3001	0.3067510623724822
pcp_aac_ctd	xgboost	6	_ChargeC3	0.30169485251966405
pcp_aac_ctd	xgboost	7	_SecondaryStrD3001	0.2755673787694036
pcp_aac_ctd	xgboost	8	_PolarizabilityD1100	0.2653702702926432
pcp_aac_ctd	xgboost	9	_SolventAccessibilityD1050	0.2606255608933046
pcp_aac_ctd	xgboost	10	_SolventAccessibilityD3075	0.2504766321332505
pcp_aac_ctd	xgboost	11	_SecondaryStrC3	0.2502775310481122
pcp_aac_ctd	xgboost	12	_PolarizabilityD2100	0.24907697847083515
pcp_aac_ctd	xgboost	13	_ChargeT23	0.24760718573199886
pcp_aac_ctd	xgboost	14	_NormalizedVDWVD2001	0.2114664158858049
pcp_aac_ctd	xgboost	15	_PolarizabilityD3025	0.20824351786159273
pcp_aac_ctd	xgboost	16	_PolarityD1075	0.20189858606938896
pcp_aac_ctd	xgboost	17	_HydrophobicityD3025	0.19923542169491212
pcp_aac_ctd	xgboost	18	_SecondaryStrD1100	0.19228367028292653
pcp_aac_ctd	xgboost	19	_PolarizabilityD2025	0.18944047747897752
pcp_aac_ctd	xgboost	20	_SecondaryStrC1	0.18559160303346586
pcp_aac_ctd_dpc	xgboost	1	P	0.4670342786592238
pcp_aac_ctd_dpc	xgboost	2	pI	0.4576329771853594
pcp_aac_ctd_dpc	xgboost	3	_ChargeC3	0.3075156941807983
pcp_aac_ctd_dpc	xgboost	4	instability	0.298514959720394
pcp_aac_ctd_dpc	xgboost	5	E	0.298039378872374
pcp_aac_ctd_dpc	xgboost	6	_PolarizabilityD2001	0.25879905151625454
pcp_aac_ctd_dpc	xgboost	7	_PolarizabilityD1100	0.252592845013891
pcp_aac_ctd_dpc	xgboost	8	_ChargeT23	0.23538605023507647
pcp_aac_ctd_dpc	xgboost	9	_HydrophobicityT13	0.21189673778652215
pcp_aac_ctd_dpc	xgboost	10	_HydrophobicityD3025	0.1907753640628885
pcp_aac_ctd_dpc	xgboost	11	_SecondaryStrD3001	0.19008480816838944
pcp_aac_ctd_dpc	xgboost	12	_SecondaryStrC3	0.18821983545336016
pcp_aac_ctd_dpc	xgboost	13	_SecondaryStrD1001	0.18451281915373005
pcp_aac_ctd_dpc	xgboost	14	EY	0.18148758325672248
pcp_aac_ctd_dpc	xgboost	15	_ChargeD1100	0.1792756788367172
pcp_aac_ctd_dpc	xgboost	16	_ChargeT13	0.17901807031682693
pcp_aac_ctd_dpc	xgboost	17	length	0.16944023389617602
pcp_aac_ctd_dpc	xgboost	18	_SecondaryStrC1	0.16750875564830553
pcp_aac_ctd_dpc	xgboost	19	_SecondaryStrD1100	0.15942293132681717
pcp_aac_ctd_dpc	xgboost	20	_SolventAccessibilityD1050	0.1578605191242027
