sequence	length	mw	aromaticity	pI	instability	label	A	C	D	E	F	G	H	I	K	L	M	N	P	Q	R	S	T	V	W	Y	predicted_label	prediction_probability
SGGHQTAVPKISKQGLGGDFEEIPSDEIIE	30	3139.381800000001	0.03333333333333333	4.5034330368042	70.66333333333333	1	3.3333333333333335	0.0	6.666666666666667	13.333333333333334	3.3333333333333335	16.666666666666664	3.3333333333333335	13.333333333333334	6.666666666666667	3.3333333333333335	0.0	0.0	6.666666666666667	6.666666666666667	0.0	10.0	3.3333333333333335	3.3333333333333335	0.0	0.0	1	0.9987865
SDEAVRAIPKMYSTAPPGDFEEIPEEYLDDES	32	3601.808500000001	0.09375	4.0500284194946286	73.0	1	9.375	0.0	12.5	18.75	3.125	3.125	0.0	6.25	3.125	3.125	3.125	0.0	12.5	0.0	3.125	9.375	3.125	3.125	0.0	6.25	1	0.99831593
SDEAVRAIPKMYSTAPPGDFEEIPDDEIEE	30	3351.558000000001	0.06666666666666667	4.0500284194946286	83.53999999999999	1	10.0	0.0	13.333333333333334	20.0	3.3333333333333335	3.3333333333333335	0.0	10.0	3.3333333333333335	0.0	3.3333333333333335	0.0	13.333333333333334	0.0	3.3333333333333335	6.666666666666667	3.3333333333333335	3.3333333333333335	0.0	3.3333333333333335	1	0.91495645
SDQGDVAIPKMYSTAPPGDFEEIPDDAIEE	30	3237.4122000000007	0.06666666666666667	4.0500284194946286	77.12	1	10.0	0.0	16.666666666666664	13.333333333333334	3.3333333333333335	6.666666666666667	0.0	10.0	3.3333333333333335	0.0	3.3333333333333335	0.0	13.333333333333334	3.3333333333333335	0.0	6.666666666666667	3.3333333333333335	3.3333333333333335	0.0	3.3333333333333335	1	0.90997636
MYSTAPPGDFEEIPDDAIEE	20	2226.3256	0.1	4.0500284194946286	95.82	1	10.0	0.0	15.0	20.0	5.0	5.0	0.0	10.0	0.0	0.0	5.0	0.0	15.0	0.0	0.0	5.0	5.0	0.0	0.0	5.0	1	0.90968287
SDEAVRAIPKMYSTAPPGDFEEIPDDAIEE	30	3293.5219000000006	0.06666666666666667	4.0500284194946286	77.12	1	13.333333333333334	0.0	13.333333333333334	16.666666666666664	3.3333333333333335	3.3333333333333335	0.0	10.0	3.3333333333333335	0.0	3.3333333333333335	0.0	13.333333333333334	0.0	3.3333333333333335	6.666666666666667	3.3333333333333335	3.3333333333333335	0.0	3.3333333333333335	1	0.8797415
SDEAVRAIPKMYSQAPPGDFEEIPDDAIEE	30	3320.5472	0.06666666666666667	4.0500284194946286	83.53999999999999	1	13.333333333333334	0.0	13.333333333333334	16.666666666666664	3.3333333333333335	3.3333333333333335	0.0	10.0	3.3333333333333335	0.0	3.3333333333333335	0.0	13.333333333333334	3.3333333333333335	3.3333333333333335	6.666666666666667	0.0	3.3333333333333335	0.0	3.3333333333333335	1	0.86594504
SDEAVRAIPKMYSTAPPGDFETIPDDAIEEREMKAR	36	4037.443400000001	0.05555555555555555	4.399929237365723	51.52777777777778	1	13.88888888888889	0.0	11.11111111111111	13.88888888888889	2.7777777777777777	2.7777777777777777	0.0	8.333333333333332	5.555555555555555	0.0	5.555555555555555	0.0	11.11111111111111	0.0	8.333333333333332	5.555555555555555	5.555555555555555	2.7777777777777777	0.0	2.7777777777777777	1	0.7822929
SDEAVRAEPKMHKTAPPGDFEEIPDDAIEE	30	3324.5394000000006	0.03333333333333333	4.244190406799317	103.59333333333332	1	13.333333333333334	0.0	13.333333333333334	20.0	3.3333333333333335	3.3333333333333335	3.3333333333333335	6.666666666666667	6.666666666666667	0.0	3.3333333333333335	0.0	13.333333333333334	0.0	3.3333333333333335	3.3333333333333335	3.3333333333333335	3.3333333333333335	0.0	0.0	1	0.7705117
SDEAVRAIPKMYSTAPPGDFETIPDDAIEE	30	3265.5118	0.06666666666666667	4.0500284194946286	59.83333333333333	1	13.333333333333334	0.0	13.333333333333334	13.333333333333334	3.3333333333333335	3.3333333333333335	0.0	10.0	3.3333333333333335	0.0	3.3333333333333335	0.0	13.333333333333334	0.0	3.3333333333333335	6.666666666666667	6.666666666666667	3.3333333333333335	0.0	3.3333333333333335	1	0.6812844
SDEAVRAIPKMYSTAPPGDFETIPDDAIEER	31	3421.6975000000007	0.06451612903225806	4.071627235412598	58.225806451612904	1	12.903225806451612	0.0	12.903225806451612	12.903225806451612	3.225806451612903	3.225806451612903	0.0	9.67741935483871	3.225806451612903	0.0	3.225806451612903	0.0	12.903225806451612	0.0	6.451612903225806	6.451612903225806	6.451612903225806	3.225806451612903	0.0	3.225806451612903	1	0.67456686
