dataset	model	s3_total	s3_predicted_positive	s3_predicted_negative	s3_positive_fraction	s3_mean_probability	s3_min_probability	s3_max_probability	s3_negative_sequences
pcp_aac	knn	11	11	0	1.0	0.8584032823654827	0.7212497207873726	0.9999999999999998	
pcp_aac	logistic_regression	11	11	0	1.0	0.7918320945587805	0.6588771407264671	0.9323941495111676	
pcp_aac	random_forest	11	11	0	1.0	0.7927624536089098	0.6964062062950966	0.9041681919349076	
pcp_aac	svm_linear	11	11	0	1.0	0.41928911638182115	0.2170704057424577	0.6278322775579294	
pcp_aac	svm_rbf	11	10	1	0.9090909090909091	0.7562979534891806	0.1978469586432133	0.945073513856218	SDEAVRAIPKMYSTAPPGDFETIPDDAIEEREMKAR
pcp_aac	xgboost	11	11	0	1.0	0.8532782281818183	0.67456686	0.9987865	
pcp_aac_ctd	knn	11	10	1	0.9090909090909091	0.945236590376308	0.495973630486241	1.0	SDEAVRAIPKMYSTAPPGDFETIPDDAIEEREMKAR
pcp_aac_ctd	logistic_regression	11	9	2	0.8181818181818182	0.8171287734924122	0.0015909206636617	0.9999766436811344	SDEAVRAIPKMYSTAPPGDFETIPDDAIEEREMKAR; MYSTAPPGDFEEIPDDAIEE
pcp_aac_ctd	random_forest	11	10	1	0.9090909090909091	0.7724732845019648	0.460448272927382	0.8881529607711302	MYSTAPPGDFEEIPDDAIEE
pcp_aac_ctd	svm_linear	11	9	2	0.8181818181818182	0.4675093508515087	0.125628884890796	0.6862869952461501	SDEAVRAIPKMYSTAPPGDFETIPDDAIEEREMKAR; MYSTAPPGDFEEIPDDAIEE
pcp_aac_ctd	svm_rbf	11	10	1	0.9090909090909091	0.8054430173280847	0.2159913409350582	0.9757605288690308	SDEAVRAIPKMYSTAPPGDFETIPDDAIEEREMKAR
pcp_aac_ctd	xgboost	11	11	0	1.0	0.8907476345454547	0.5041718	0.9984145	
pcp_aac_ctd_dpc	knn	11	11	0	1.0	0.80074986831433	0.7266326254621486	1.0	
pcp_aac_ctd_dpc	logistic_regression	11	11	0	1.0	0.9999491100446342	0.999673710665036	0.9999999491432484	
pcp_aac_ctd_dpc	random_forest	11	10	1	0.9090909090909091	0.7585556434667893	0.4561462450207066	0.9511190556053564	MYSTAPPGDFEEIPDDAIEE
pcp_aac_ctd_dpc	svm_linear	11	11	0	1.0	0.8595894669670759	0.6791150737638105	0.9695547828533916	
pcp_aac_ctd_dpc	svm_rbf	11	11	0	1.0	0.8547982583650501	0.5776009903879805	0.9816934092560028	
pcp_aac_ctd_dpc	xgboost	11	11	0	1.0	0.935654949090909	0.7082567	0.9968725	
