sequence	length	mw	aromaticity	pI	instability	label	A	C	D	E	F	G	H	I	K	L	M	N	P	Q	R	S	T	V	W	Y	_PolarizabilityC1	_PolarizabilityC2	_PolarizabilityC3	_SolventAccessibilityC1	_SolventAccessibilityC2	_SolventAccessibilityC3	_SecondaryStrC1	_SecondaryStrC2	_SecondaryStrC3	_ChargeC1	_ChargeC2	_ChargeC3	_PolarityC1	_PolarityC2	_PolarityC3	_NormalizedVDWVC1	_NormalizedVDWVC2	_NormalizedVDWVC3	_HydrophobicityC1	_HydrophobicityC2	_HydrophobicityC3	_PolarizabilityT12	_PolarizabilityT13	_PolarizabilityT23	_SolventAccessibilityT12	_SolventAccessibilityT13	_SolventAccessibilityT23	_SecondaryStrT12	_SecondaryStrT13	_SecondaryStrT23	_ChargeT12	_ChargeT13	_ChargeT23	_PolarityT12	_PolarityT13	_PolarityT23	_NormalizedVDWVT12	_NormalizedVDWVT13	_NormalizedVDWVT23	_HydrophobicityT12	_HydrophobicityT13	_HydrophobicityT23	_PolarizabilityD1001	_PolarizabilityD1025	_PolarizabilityD1050	_PolarizabilityD1075	_PolarizabilityD1100	_PolarizabilityD2001	_PolarizabilityD2025	_PolarizabilityD2050	_PolarizabilityD2075	_PolarizabilityD2100	_PolarizabilityD3001	_PolarizabilityD3025	_PolarizabilityD3050	_PolarizabilityD3075	_PolarizabilityD3100	_SolventAccessibilityD1001	_SolventAccessibilityD1025	_SolventAccessibilityD1050	_SolventAccessibilityD1075	_SolventAccessibilityD1100	_SolventAccessibilityD2001	_SolventAccessibilityD2025	_SolventAccessibilityD2050	_SolventAccessibilityD2075	_SolventAccessibilityD2100	_SolventAccessibilityD3001	_SolventAccessibilityD3025	_SolventAccessibilityD3050	_SolventAccessibilityD3075	_SolventAccessibilityD3100	_SecondaryStrD1001	_SecondaryStrD1025	_SecondaryStrD1050	_SecondaryStrD1075	_SecondaryStrD1100	_SecondaryStrD2001	_SecondaryStrD2025	_SecondaryStrD2050	_SecondaryStrD2075	_SecondaryStrD2100	_SecondaryStrD3001	_SecondaryStrD3025	_SecondaryStrD3050	_SecondaryStrD3075	_SecondaryStrD3100	_ChargeD1001	_ChargeD1025	_ChargeD1050	_ChargeD1075	_ChargeD1100	_ChargeD2001	_ChargeD2025	_ChargeD2050	_ChargeD2075	_ChargeD2100	_ChargeD3001	_ChargeD3025	_ChargeD3050	_ChargeD3075	_ChargeD3100	_PolarityD1001	_PolarityD1025	_PolarityD1050	_PolarityD1075	_PolarityD1100	_PolarityD2001	_PolarityD2025	_PolarityD2050	_PolarityD2075	_PolarityD2100	_PolarityD3001	_PolarityD3025	_PolarityD3050	_PolarityD3075	_PolarityD3100	_NormalizedVDWVD1001	_NormalizedVDWVD1025	_NormalizedVDWVD1050	_NormalizedVDWVD1075	_NormalizedVDWVD1100	_NormalizedVDWVD2001	_NormalizedVDWVD2025	_NormalizedVDWVD2050	_NormalizedVDWVD2075	_NormalizedVDWVD2100	_NormalizedVDWVD3001	_NormalizedVDWVD3025	_NormalizedVDWVD3050	_NormalizedVDWVD3075	_NormalizedVDWVD3100	_HydrophobicityD1001	_HydrophobicityD1025	_HydrophobicityD1050	_HydrophobicityD1075	_HydrophobicityD1100	_HydrophobicityD2001	_HydrophobicityD2025	_HydrophobicityD2050	_HydrophobicityD2075	_HydrophobicityD2100	_HydrophobicityD3001	_HydrophobicityD3025	_HydrophobicityD3050	_HydrophobicityD3075	_HydrophobicityD3100	AA	AC	AD	AE	AF	AG	AH	AI	AK	AL	AM	AN	AP	AQ	AR	AS	AT	AV	AW	AY	CA	CC	CD	CE	CF	CG	CH	CI	CK	CL	CM	CN	CP	CQ	CR	CS	CT	CV	CW	CY	DA	DC	DD	DE	DF	DG	DH	DI	DK	DL	DM	DN	DP	DQ	DR	DS	DT	DV	DW	DY	EA	EC	ED	EE	EF	EG	EH	EI	EK	EL	EM	EN	EP	EQ	ER	ES	ET	EV	EW	EY	FA	FC	FD	FE	FF	FG	FH	FI	FK	FL	FM	FN	FP	FQ	FR	FS	FT	FV	FW	FY	GA	GC	GD	GE	GF	GG	GH	GI	GK	GL	GM	GN	GP	GQ	GR	GS	GT	GV	GW	GY	HA	HC	HD	HE	HF	HG	HH	HI	HK	HL	HM	HN	HP	HQ	HR	HS	HT	HV	HW	HY	IA	IC	ID	IE	IF	IG	IH	II	IK	IL	IM	IN	IP	IQ	IR	IS	IT	IV	IW	IY	KA	KC	KD	KE	KF	KG	KH	KI	KK	KL	KM	KN	KP	KQ	KR	KS	KT	KV	KW	KY	LA	LC	LD	LE	LF	LG	LH	LI	LK	LL	LM	LN	LP	LQ	LR	LS	LT	LV	LW	LY	MA	MC	MD	ME	MF	MG	MH	MI	MK	ML	MM	MN	MP	MQ	MR	MS	MT	MV	MW	MY	NA	NC	ND	NE	NF	NG	NH	NI	NK	NL	NM	NN	NP	NQ	NR	NS	NT	NV	NW	NY	PA	PC	PD	PE	PF	PG	PH	PI	PK	PL	PM	PN	PP	PQ	PR	PS	PT	PV	PW	PY	QA	QC	QD	QE	QF	QG	QH	QI	QK	QL	QM	QN	QP	QQ	QR	QS	QT	QV	QW	QY	RA	RC	RD	RE	RF	RG	RH	RI	RK	RL	RM	RN	RP	RQ	RR	RS	RT	RV	RW	RY	SA	SC	SD	SE	SF	SG	SH	SI	SK	SL	SM	SN	SP	SQ	SR	SS	ST	SV	SW	SY	TA	TC	TD	TE	TF	TG	TH	TI	TK	TL	TM	TN	TP	TQ	TR	TS	TT	TV	TW	TY	VA	VC	VD	VE	VF	VG	VH	VI	VK	VL	VM	VN	VP	VQ	VR	VS	VT	VV	VW	VY	WA	WC	WD	WE	WF	WG	WH	WI	WK	WL	WM	WN	WP	WQ	WR	WS	WT	WV	WW	WY	YA	YC	YD	YE	YF	YG	YH	YI	YK	YL	YM	YN	YP	YQ	YR	YS	YT	YV	YW	YY	predicted_label	prediction_probability
SDEAVRAEPKMHKTAPPGDFEEIPDDAIEE	30	3324.5394000000006	0.03333333333333333	4.244190406799317	103.59333333333332	1	13.333333333333334	0.0	13.333333333333334	20.0	3.3333333333333335	3.3333333333333335	3.3333333333333335	6.666666666666667	6.666666666666667	0.0	3.3333333333333335	0.0	13.333333333333334	0.0	3.3333333333333335	3.3333333333333335	3.3333333333333335	3.3333333333333335	0.0	0.0	0.367	0.433	0.2	0.3	0.433	0.267	0.5	0.167	0.333	0.1	0.567	0.333	0.167	0.367	0.467	0.5	0.3	0.2	0.433	0.4	0.167	0.276	0.103	0.103	0.345	0.138	0.241	0.276	0.172	0.069	0.207	0.0	0.379	0.103	0.241	0.345	0.241	0.138	0.069	0.379	0.207	0.138	3.333	6.667	46.667	63.333	90.0	10.0	26.667	56.667	76.667	100.0	20.0	20.0	36.667	40.0	66.667	13.333	16.667	50.0	66.667	93.333	6.667	20.0	43.333	73.333	100.0	3.333	30.0	40.0	53.333	80.0	10.0	20.0	36.667	70.0	100.0	16.667	16.667	46.667	66.667	93.333	3.333	6.667	56.667	63.333	86.667	20.0	43.333	20.0	33.333	43.333	3.333	23.333	46.667	60.0	93.333	6.667	10.0	70.0	83.333	100.0	16.667	16.667	36.667	66.667	93.333	3.333	13.333	46.667	56.667	90.0	6.667	20.0	43.333	73.333	100.0	3.333	13.333	50.0	63.333	90.0	10.0	16.667	70.0	76.667	100.0	20.0	20.0	36.667	40.0	66.667	6.667	20.0	43.333	73.333	100.0	3.333	23.333	46.667	56.667	90.0	16.667	16.667	36.667	66.667	93.333	0.0	0.0	0.0	3.4482758620689653	0.0	0.0	0.0	3.4482758620689653	0.0	0.0	0.0	0.0	3.4482758620689653	0.0	0.0	0.0	0.0	3.4482758620689653	0.0	0.0	0.0	0.0	0.0	0.0	0.0	0.0	0.0	0.0	0.0	0.0	0.0	0.0	0.0	0.0	0.0	0.0	0.0	0.0	0.0	0.0	3.4482758620689653	0.0	3.4482758620689653	3.4482758620689653	3.4482758620689653	0.0	0.0	0.0	0.0	0.0	0.0	0.0	0.0	0.0	0.0	0.0	0.0	0.0	0.0	0.0	3.4482758620689653	0.0	0.0	6.896551724137931	0.0	0.0	0.0	3.4482758620689653	0.0	0.0	0.0	0.0	3.4482758620689653	0.0	0.0	0.0	0.0	0.0	0.0	0.0	0.0	0.0	0.0	3.4482758620689653	0.0	0.0	0.0	0.0	0.0	0.0	0.0	0.0	0.0	0.0	0.0	0.0	0.0	0.0	0.0	0.0	0.0	0.0	3.4482758620689653	0.0	0.0	0.0	0.0	0.0	0.0	0.0	0.0	0.0	0.0	0.0	0.0	0.0	0.0	0.0	0.0	0.0	0.0	0.0	0.0	0.0	0.0	0.0	0.0	0.0	3.4482758620689653	0.0	0.0	0.0	0.0	0.0	0.0	0.0	0.0	0.0	0.0	0.0	0.0	0.0	0.0	3.4482758620689653	0.0	0.0	0.0	0.0	0.0	0.0	0.0	0.0	3.4482758620689653	0.0	0.0	0.0	0.0	0.0	0.0	0.0	0.0	0.0	0.0	0.0	0.0	0.0	0.0	0.0	0.0	0.0	3.4482758620689653	0.0	0.0	0.0	0.0	0.0	3.4482758620689653	0.0	0.0	0.0	0.0	0.0	0.0	0.0	0.0	0.0	0.0	0.0	0.0	0.0	0.0	0.0	0.0	0.0	0.0	0.0	0.0	0.0	0.0	0.0	0.0	0.0	0.0	0.0	0.0	0.0	3.4482758620689653	0.0	0.0	0.0	0.0	0.0	0.0	0.0	0.0	0.0	0.0	0.0	0.0	0.0	0.0	0.0	0.0	0.0	0.0	0.0	0.0	0.0	0.0	0.0	0.0	0.0	0.0	0.0	0.0	0.0	0.0	0.0	0.0	0.0	0.0	0.0	3.4482758620689653	0.0	0.0	3.4482758620689653	0.0	0.0	3.4482758620689653	0.0	0.0	0.0	3.4482758620689653	0.0	0.0	0.0	0.0	0.0	0.0	0.0	0.0	0.0	0.0	0.0	0.0	0.0	0.0	0.0	0.0	0.0	0.0	0.0	0.0	0.0	0.0	0.0	0.0	0.0	0.0	0.0	3.4482758620689653	0.0	0.0	0.0	0.0	0.0	0.0	0.0	0.0	0.0	0.0	0.0	0.0	0.0	0.0	0.0	0.0	0.0	0.0	0.0	0.0	0.0	3.4482758620689653	0.0	0.0	0.0	0.0	0.0	0.0	0.0	0.0	0.0	0.0	0.0	0.0	0.0	0.0	0.0	0.0	0.0	3.4482758620689653	0.0	0.0	0.0	0.0	0.0	0.0	0.0	0.0	0.0	0.0	0.0	0.0	0.0	0.0	0.0	0.0	0.0	0.0	0.0	0.0	0.0	0.0	0.0	0.0	0.0	0.0	0.0	0.0	0.0	0.0	0.0	0.0	0.0	3.4482758620689653	0.0	0.0	0.0	0.0	0.0	0.0	0.0	0.0	0.0	0.0	0.0	0.0	0.0	0.0	0.0	0.0	0.0	0.0	0.0	0.0	0.0	0.0	0.0	0.0	0.0	0.0	0.0	0.0	0.0	0.0	0.0	0.0	0.0	0.0	0.0	0.0	0.0	0.0	0.0	0.0	0.0	0.0	0.0	0.0	0.0	1	0.9866400407831046
SGGHQTAVPKISKQGLGGDFEEIPSDEIIE	30	3139.381800000001	0.03333333333333333	4.5034330368042	70.66333333333333	1	3.3333333333333335	0.0	6.666666666666667	13.333333333333334	3.3333333333333335	16.666666666666664	3.3333333333333335	13.333333333333334	6.666666666666667	3.3333333333333335	0.0	0.0	6.666666666666667	6.666666666666667	0.0	10.0	3.3333333333333335	3.3333333333333335	0.0	0.0	0.4	0.467	0.133	0.433	0.333	0.233	0.367	0.233	0.4	0.067	0.733	0.2	0.233	0.4	0.367	0.467	0.4	0.133	0.333	0.433	0.233	0.276	0.103	0.172	0.276	0.207	0.172	0.276	0.241	0.138	0.138	0.0	0.241	0.207	0.207	0.241	0.31	0.138	0.138	0.241	0.207	0.207	3.333	10.0	40.0	60.0	86.667	16.667	30.0	70.0	80.0	100.0	13.333	13.333	33.333	43.333	66.667	6.667	23.333	50.0	60.0	96.667	16.667	33.333	63.333	73.333	100.0	3.333	3.333	20.0	40.0	83.333	13.333	16.667	43.333	70.0	100.0	20.0	20.0	36.667	76.667	96.667	3.333	10.0	50.0	63.333	86.667	33.333	43.333	33.333	33.333	43.333	3.333	16.667	40.0	60.0	96.667	63.333	63.333	73.333	86.667	100.0	26.667	26.667	53.333	76.667	96.667	3.333	10.0	30.0	56.667	83.333	13.333	16.667	46.667	73.333	100.0	3.333	10.0	40.0	60.0	86.667	16.667	36.667	70.0	90.0	100.0	13.333	13.333	33.333	43.333	66.667	16.667	33.333	63.333	73.333	100.0	3.333	10.0	23.333	50.0	83.333	26.667	26.667	53.333	76.667	96.667	0.0	0.0	0.0	0.0	0.0	0.0	0.0	0.0	0.0	0.0	0.0	0.0	0.0	0.0	0.0	0.0	0.0	3.4482758620689653	0.0	0.0	0.0	0.0	0.0	0.0	0.0	0.0	0.0	0.0	0.0	0.0	0.0	0.0	0.0	0.0	0.0	0.0	0.0	0.0	0.0	0.0	0.0	0.0	0.0	3.4482758620689653	3.4482758620689653	0.0	0.0	0.0	0.0	0.0	0.0	0.0	0.0	0.0	0.0	0.0	0.0	0.0	0.0	0.0	0.0	0.0	0.0	3.4482758620689653	0.0	0.0	0.0	6.896551724137931	0.0	0.0	0.0	0.0	0.0	0.0	0.0	0.0	0.0	0.0	0.0	0.0	0.0	0.0	0.0	3.4482758620689653	0.0	0.0	0.0	0.0	0.0	0.0	0.0	0.0	0.0	0.0	0.0	0.0	0.0	0.0	0.0	0.0	0.0	0.0	3.4482758620689653	0.0	0.0	6.896551724137931	3.4482758620689653	0.0	0.0	3.4482758620689653	0.0	0.0	0.0	0.0	0.0	0.0	0.0	0.0	0.0	0.0	0.0	0.0	0.0	0.0	0.0	0.0	0.0	0.0	0.0	0.0	0.0	0.0	0.0	3.4482758620689653	0.0	0.0	0.0	0.0	0.0	0.0	0.0	0.0	0.0	3.4482758620689653	0.0	0.0	0.0	3.4482758620689653	0.0	0.0	0.0	0.0	3.4482758620689653	0.0	0.0	3.4482758620689653	0.0	0.0	0.0	0.0	0.0	0.0	0.0	0.0	0.0	0.0	0.0	3.4482758620689653	0.0	0.0	0.0	0.0	0.0	3.4482758620689653	0.0	0.0	0.0	0.0	0.0	0.0	0.0	0.0	0.0	0.0	0.0	3.4482758620689653	0.0	0.0	0.0	0.0	0.0	0.0	0.0	0.0	0.0	0.0	0.0	0.0	0.0	0.0	0.0	0.0	0.0	0.0	0.0	0.0	0.0	0.0	0.0	0.0	0.0	0.0	0.0	0.0	0.0	0.0	0.0	0.0	0.0	0.0	0.0	0.0	0.0	0.0	0.0	0.0	0.0	0.0	0.0	0.0	0.0	0.0	0.0	0.0	0.0	0.0	0.0	0.0	0.0	0.0	0.0	0.0	0.0	0.0	0.0	0.0	0.0	0.0	3.4482758620689653	0.0	0.0	0.0	0.0	0.0	0.0	3.4482758620689653	0.0	0.0	0.0	0.0	0.0	0.0	0.0	0.0	0.0	3.4482758620689653	0.0	0.0	0.0	0.0	0.0	0.0	0.0	0.0	0.0	0.0	3.4482758620689653	0.0	0.0	0.0	0.0	0.0	0.0	0.0	0.0	0.0	0.0	0.0	0.0	0.0	0.0	0.0	0.0	0.0	0.0	0.0	0.0	0.0	0.0	0.0	0.0	0.0	3.4482758620689653	0.0	0.0	3.4482758620689653	0.0	0.0	3.4482758620689653	0.0	0.0	0.0	0.0	0.0	0.0	0.0	0.0	0.0	0.0	0.0	3.4482758620689653	0.0	0.0	0.0	0.0	0.0	0.0	0.0	0.0	0.0	0.0	0.0	0.0	0.0	0.0	0.0	0.0	0.0	0.0	0.0	0.0	0.0	0.0	0.0	0.0	0.0	0.0	0.0	0.0	0.0	0.0	0.0	3.4482758620689653	0.0	0.0	0.0	0.0	0.0	0.0	0.0	0.0	0.0	0.0	0.0	0.0	0.0	0.0	0.0	0.0	0.0	0.0	0.0	0.0	0.0	0.0	0.0	0.0	0.0	0.0	0.0	0.0	0.0	0.0	0.0	0.0	0.0	0.0	0.0	0.0	0.0	0.0	0.0	0.0	0.0	0.0	0.0	0.0	0.0	0.0	0.0	1	0.9645866684438875
SDQGDVAIPKMYSTAPPGDFEEIPDDAIEE	30	3237.4122000000007	0.06666666666666667	4.0500284194946286	77.12	1	10.0	0.0	16.666666666666664	13.333333333333334	3.3333333333333335	6.666666666666667	0.0	10.0	3.3333333333333335	0.0	3.3333333333333335	0.0	13.333333333333334	3.3333333333333335	0.0	6.666666666666667	3.3333333333333335	3.3333333333333335	0.0	3.3333333333333335	0.433	0.433	0.133	0.333	0.367	0.3	0.333	0.233	0.433	0.033	0.667	0.3	0.233	0.4	0.367	0.567	0.3	0.133	0.367	0.433	0.2	0.31	0.069	0.069	0.31	0.172	0.138	0.276	0.172	0.207	0.069	0.0	0.379	0.207	0.207	0.241	0.276	0.103	0.034	0.241	0.207	0.207	3.333	13.333	43.333	60.0	90.0	10.0	26.667	56.667	76.667	100.0	33.333	33.333	36.667	40.0	66.667	13.333	20.0	50.0	66.667	93.333	6.667	10.0	63.333	83.333	100.0	3.333	30.0	40.0	46.667	80.0	10.0	23.333	50.0	73.333	100.0	20.0	20.0	40.0	66.667	93.333	3.333	13.333	43.333	60.0	86.667	33.333	33.333	33.333	33.333	33.333	3.333	23.333	43.333	60.0	93.333	6.667	16.667	70.0	83.333	100.0	20.0	20.0	36.667	66.667	93.333	3.333	23.333	46.667	56.667	90.0	6.667	10.0	63.333	83.333	100.0	3.333	16.667	46.667	60.0	90.0	10.0	20.0	70.0	76.667	100.0	33.333	33.333	36.667	40.0	66.667	6.667	10.0	63.333	83.333	100.0	3.333	23.333	43.333	53.333	90.0	20.0	20.0	36.667	66.667	93.333	0.0	0.0	0.0	0.0	0.0	0.0	0.0	6.896551724137931	0.0	0.0	0.0	0.0	3.4482758620689653	0.0	0.0	0.0	0.0	0.0	0.0	0.0	0.0	0.0	0.0	0.0	0.0	0.0	0.0	0.0	0.0	0.0	0.0	0.0	0.0	0.0	0.0	0.0	0.0	0.0	0.0	0.0	3.4482758620689653	0.0	3.4482758620689653	0.0	3.4482758620689653	0.0	0.0	0.0	0.0	0.0	0.0	0.0	0.0	3.4482758620689653	0.0	0.0	0.0	3.4482758620689653	0.0	0.0	0.0	0.0	0.0	6.896551724137931	0.0	0.0	0.0	3.4482758620689653	0.0	0.0	0.0	0.0	0.0	0.0	0.0	0.0	0.0	0.0	0.0	0.0	0.0	0.0	0.0	3.4482758620689653	0.0	0.0	0.0	0.0	0.0	0.0	0.0	0.0	0.0	0.0	0.0	0.0	0.0	0.0	0.0	0.0	0.0	0.0	6.896551724137931	0.0	0.0	0.0	0.0	0.0	0.0	0.0	0.0	0.0	0.0	0.0	0.0	0.0	0.0	0.0	0.0	0.0	0.0	0.0	0.0	0.0	0.0	0.0	0.0	0.0	0.0	0.0	0.0	0.0	0.0	0.0	0.0	0.0	0.0	0.0	0.0	0.0	0.0	0.0	0.0	3.4482758620689653	0.0	0.0	0.0	0.0	0.0	0.0	0.0	0.0	6.896551724137931	0.0	0.0	0.0	0.0	0.0	0.0	0.0	0.0	0.0	0.0	0.0	0.0	0.0	0.0	0.0	0.0	0.0	3.4482758620689653	0.0	0.0	0.0	0.0	0.0	0.0	0.0	0.0	0.0	0.0	0.0	0.0	0.0	0.0	0.0	0.0	0.0	0.0	0.0	0.0	0.0	0.0	0.0	0.0	0.0	0.0	0.0	0.0	0.0	0.0	0.0	0.0	0.0	0.0	0.0	0.0	0.0	0.0	0.0	0.0	0.0	0.0	0.0	0.0	0.0	0.0	0.0	0.0	3.4482758620689653	0.0	0.0	0.0	0.0	0.0	0.0	0.0	0.0	0.0	0.0	0.0	0.0	0.0	0.0	0.0	0.0	0.0	0.0	0.0	0.0	0.0	0.0	3.4482758620689653	0.0	0.0	3.4482758620689653	0.0	0.0	3.4482758620689653	0.0	0.0	0.0	3.4482758620689653	0.0	0.0	0.0	0.0	0.0	0.0	0.0	0.0	0.0	0.0	0.0	0.0	3.4482758620689653	0.0	0.0	0.0	0.0	0.0	0.0	0.0	0.0	0.0	0.0	0.0	0.0	0.0	0.0	0.0	0.0	0.0	0.0	0.0	0.0	0.0	0.0	0.0	0.0	0.0	0.0	0.0	0.0	0.0	0.0	0.0	0.0	0.0	0.0	0.0	0.0	3.4482758620689653	0.0	0.0	0.0	0.0	0.0	0.0	0.0	0.0	0.0	0.0	0.0	0.0	0.0	3.4482758620689653	0.0	0.0	0.0	3.4482758620689653	0.0	0.0	0.0	0.0	0.0	0.0	0.0	0.0	0.0	0.0	0.0	0.0	0.0	0.0	0.0	0.0	0.0	0.0	0.0	3.4482758620689653	0.0	0.0	0.0	0.0	0.0	0.0	0.0	0.0	0.0	0.0	0.0	0.0	0.0	0.0	0.0	0.0	0.0	0.0	0.0	0.0	0.0	0.0	0.0	0.0	0.0	0.0	0.0	0.0	0.0	0.0	0.0	0.0	0.0	0.0	0.0	0.0	0.0	0.0	0.0	0.0	0.0	0.0	0.0	0.0	0.0	0.0	0.0	0.0	0.0	0.0	0.0	0.0	0.0	0.0	3.4482758620689653	0.0	0.0	0.0	0.0	1	0.952742109918626
SDEAVRAIPKMYSQAPPGDFEEIPDDAIEE	30	3320.5472	0.06666666666666667	4.0500284194946286	83.53999999999999	1	13.333333333333334	0.0	13.333333333333334	16.666666666666664	3.3333333333333335	3.3333333333333335	0.0	10.0	3.3333333333333335	0.0	3.3333333333333335	0.0	13.333333333333334	3.3333333333333335	3.3333333333333335	6.666666666666667	0.0	3.3333333333333335	0.0	3.3333333333333335	0.367	0.467	0.167	0.333	0.4	0.267	0.433	0.2	0.367	0.067	0.633	0.3	0.233	0.367	0.4	0.5	0.333	0.167	0.4	0.4	0.2	0.345	0.103	0.103	0.345	0.138	0.172	0.276	0.172	0.138	0.138	0.0	0.31	0.207	0.207	0.31	0.31	0.138	0.069	0.31	0.207	0.207	3.333	6.667	43.333	63.333	90.0	10.0	26.667	56.667	76.667	100.0	20.0	20.0	33.333	36.667	66.667	13.333	16.667	50.0	66.667	93.333	6.667	20.0	63.333	83.333	100.0	3.333	30.0	40.0	53.333	80.0	10.0	20.0	36.667	70.0	100.0	16.667	16.667	40.0	66.667	93.333	3.333	6.667	53.333	63.333	86.667	20.0	33.333	20.0	20.0	33.333	3.333	23.333	43.333	60.0	93.333	6.667	10.0	70.0	83.333	100.0	16.667	16.667	36.667	66.667	93.333	3.333	13.333	43.333	56.667	90.0	6.667	20.0	63.333	83.333	100.0	3.333	13.333	50.0	63.333	90.0	10.0	16.667	70.0	76.667	100.0	20.0	20.0	33.333	36.667	66.667	6.667	20.0	63.333	83.333	100.0	3.333	23.333	43.333	56.667	90.0	16.667	16.667	36.667	66.667	93.333	0.0	0.0	0.0	0.0	0.0	0.0	0.0	6.896551724137931	0.0	0.0	0.0	0.0	3.4482758620689653	0.0	0.0	0.0	0.0	3.4482758620689653	0.0	0.0	0.0	0.0	0.0	0.0	0.0	0.0	0.0	0.0	0.0	0.0	0.0	0.0	0.0	0.0	0.0	0.0	0.0	0.0	0.0	0.0	3.4482758620689653	0.0	3.4482758620689653	3.4482758620689653	3.4482758620689653	0.0	0.0	0.0	0.0	0.0	0.0	0.0	0.0	0.0	0.0	0.0	0.0	0.0	0.0	0.0	3.4482758620689653	0.0	0.0	6.896551724137931	0.0	0.0	0.0	3.4482758620689653	0.0	0.0	0.0	0.0	0.0	0.0	0.0	0.0	0.0	0.0	0.0	0.0	0.0	0.0	0.0	3.4482758620689653	0.0	0.0	0.0	0.0	0.0	0.0	0.0	0.0	0.0	0.0	0.0	0.0	0.0	0.0	0.0	0.0	0.0	0.0	3.4482758620689653	0.0	0.0	0.0	0.0	0.0	0.0	0.0	0.0	0.0	0.0	0.0	0.0	0.0	0.0	0.0	0.0	0.0	0.0	0.0	0.0	0.0	0.0	0.0	0.0	0.0	0.0	0.0	0.0	0.0	0.0	0.0	0.0	0.0	0.0	0.0	0.0	0.0	0.0	0.0	0.0	3.4482758620689653	0.0	0.0	0.0	0.0	0.0	0.0	0.0	0.0	6.896551724137931	0.0	0.0	0.0	0.0	0.0	0.0	0.0	0.0	0.0	0.0	0.0	0.0	0.0	0.0	0.0	0.0	0.0	3.4482758620689653	0.0	0.0	0.0	0.0	0.0	0.0	0.0	0.0	0.0	0.0	0.0	0.0	0.0	0.0	0.0	0.0	0.0	0.0	0.0	0.0	0.0	0.0	0.0	0.0	0.0	0.0	0.0	0.0	0.0	0.0	0.0	0.0	0.0	0.0	0.0	0.0	0.0	0.0	0.0	0.0	0.0	0.0	0.0	0.0	0.0	0.0	0.0	0.0	3.4482758620689653	0.0	0.0	0.0	0.0	0.0	0.0	0.0	0.0	0.0	0.0	0.0	0.0	0.0	0.0	0.0	0.0	0.0	0.0	0.0	0.0	0.0	0.0	3.4482758620689653	0.0	0.0	3.4482758620689653	0.0	0.0	3.4482758620689653	0.0	0.0	0.0	3.4482758620689653	0.0	0.0	0.0	0.0	0.0	0.0	0.0	3.4482758620689653	0.0	0.0	0.0	0.0	0.0	0.0	0.0	0.0	0.0	0.0	0.0	0.0	0.0	0.0	0.0	0.0	0.0	0.0	0.0	3.4482758620689653	0.0	0.0	0.0	0.0	0.0	0.0	0.0	0.0	0.0	0.0	0.0	0.0	0.0	0.0	0.0	0.0	0.0	0.0	0.0	0.0	0.0	3.4482758620689653	0.0	0.0	0.0	0.0	0.0	0.0	0.0	0.0	0.0	0.0	3.4482758620689653	0.0	0.0	0.0	0.0	0.0	0.0	0.0	0.0	0.0	0.0	0.0	0.0	0.0	0.0	0.0	0.0	0.0	0.0	0.0	0.0	0.0	0.0	0.0	0.0	0.0	0.0	0.0	0.0	0.0	0.0	0.0	0.0	0.0	0.0	0.0	0.0	0.0	0.0	0.0	0.0	3.4482758620689653	0.0	0.0	0.0	0.0	0.0	0.0	0.0	0.0	0.0	0.0	0.0	0.0	0.0	0.0	0.0	0.0	0.0	0.0	0.0	0.0	0.0	0.0	0.0	0.0	0.0	0.0	0.0	0.0	0.0	0.0	0.0	0.0	0.0	0.0	0.0	0.0	0.0	0.0	0.0	0.0	3.4482758620689653	0.0	0.0	0.0	0.0	1	0.913408363089956
SDEAVRAIPKMYSTAPPGDFEEIPDDAIEE	30	3293.5219000000006	0.06666666666666667	4.0500284194946286	77.12	1	13.333333333333334	0.0	13.333333333333334	16.666666666666664	3.3333333333333335	3.3333333333333335	0.0	10.0	3.3333333333333335	0.0	3.3333333333333335	0.0	13.333333333333334	0.0	3.3333333333333335	6.666666666666667	3.3333333333333335	3.3333333333333335	0.0	3.3333333333333335	0.4	0.433	0.167	0.333	0.367	0.3	0.4	0.233	0.367	0.067	0.633	0.3	0.233	0.4	0.367	0.533	0.3	0.167	0.367	0.433	0.2	0.276	0.103	0.103	0.31	0.172	0.138	0.31	0.138	0.172	0.138	0.0	0.31	0.207	0.207	0.241	0.241	0.138	0.069	0.241	0.207	0.207	3.333	13.333	46.667	63.333	90.0	10.0	26.667	56.667	76.667	100.0	20.0	20.0	33.333	36.667	66.667	13.333	16.667	50.0	66.667	93.333	6.667	10.0	63.333	83.333	100.0	3.333	30.0	40.0	46.667	80.0	10.0	20.0	36.667	73.333	100.0	16.667	16.667	40.0	66.667	93.333	3.333	6.667	53.333	63.333	86.667	20.0	33.333	20.0	20.0	33.333	3.333	23.333	43.333	60.0	93.333	6.667	10.0	70.0	83.333	100.0	16.667	16.667	36.667	66.667	93.333	3.333	23.333	46.667	56.667	90.0	6.667	10.0	63.333	83.333	100.0	3.333	23.333	50.0	63.333	90.0	10.0	16.667	70.0	76.667	100.0	20.0	20.0	33.333	36.667	66.667	6.667	10.0	63.333	83.333	100.0	3.333	23.333	43.333	53.333	90.0	16.667	16.667	36.667	66.667	93.333	0.0	0.0	0.0	0.0	0.0	0.0	0.0	6.896551724137931	0.0	0.0	0.0	0.0	3.4482758620689653	0.0	0.0	0.0	0.0	3.4482758620689653	0.0	0.0	0.0	0.0	0.0	0.0	0.0	0.0	0.0	0.0	0.0	0.0	0.0	0.0	0.0	0.0	0.0	0.0	0.0	0.0	0.0	0.0	3.4482758620689653	0.0	3.4482758620689653	3.4482758620689653	3.4482758620689653	0.0	0.0	0.0	0.0	0.0	0.0	0.0	0.0	0.0	0.0	0.0	0.0	0.0	0.0	0.0	3.4482758620689653	0.0	0.0	6.896551724137931	0.0	0.0	0.0	3.4482758620689653	0.0	0.0	0.0	0.0	0.0	0.0	0.0	0.0	0.0	0.0	0.0	0.0	0.0	0.0	0.0	3.4482758620689653	0.0	0.0	0.0	0.0	0.0	0.0	0.0	0.0	0.0	0.0	0.0	0.0	0.0	0.0	0.0	0.0	0.0	0.0	3.4482758620689653	0.0	0.0	0.0	0.0	0.0	0.0	0.0	0.0	0.0	0.0	0.0	0.0	0.0	0.0	0.0	0.0	0.0	0.0	0.0	0.0	0.0	0.0	0.0	0.0	0.0	0.0	0.0	0.0	0.0	0.0	0.0	0.0	0.0	0.0	0.0	0.0	0.0	0.0	0.0	0.0	3.4482758620689653	0.0	0.0	0.0	0.0	0.0	0.0	0.0	0.0	6.896551724137931	0.0	0.0	0.0	0.0	0.0	0.0	0.0	0.0	0.0	0.0	0.0	0.0	0.0	0.0	0.0	0.0	0.0	3.4482758620689653	0.0	0.0	0.0	0.0	0.0	0.0	0.0	0.0	0.0	0.0	0.0	0.0	0.0	0.0	0.0	0.0	0.0	0.0	0.0	0.0	0.0	0.0	0.0	0.0	0.0	0.0	0.0	0.0	0.0	0.0	0.0	0.0	0.0	0.0	0.0	0.0	0.0	0.0	0.0	0.0	0.0	0.0	0.0	0.0	0.0	0.0	0.0	0.0	3.4482758620689653	0.0	0.0	0.0	0.0	0.0	0.0	0.0	0.0	0.0	0.0	0.0	0.0	0.0	0.0	0.0	0.0	0.0	0.0	0.0	0.0	0.0	0.0	3.4482758620689653	0.0	0.0	3.4482758620689653	0.0	0.0	3.4482758620689653	0.0	0.0	0.0	3.4482758620689653	0.0	0.0	0.0	0.0	0.0	0.0	0.0	0.0	0.0	0.0	0.0	0.0	0.0	0.0	0.0	0.0	0.0	0.0	0.0	0.0	0.0	0.0	0.0	0.0	0.0	0.0	0.0	3.4482758620689653	0.0	0.0	0.0	0.0	0.0	0.0	0.0	0.0	0.0	0.0	0.0	0.0	0.0	0.0	0.0	0.0	0.0	0.0	0.0	0.0	0.0	3.4482758620689653	0.0	0.0	0.0	0.0	0.0	0.0	0.0	0.0	0.0	0.0	0.0	0.0	0.0	3.4482758620689653	0.0	0.0	0.0	3.4482758620689653	0.0	0.0	0.0	0.0	0.0	0.0	0.0	0.0	0.0	0.0	0.0	0.0	0.0	0.0	0.0	0.0	0.0	0.0	0.0	0.0	0.0	0.0	0.0	0.0	0.0	0.0	0.0	0.0	0.0	0.0	0.0	0.0	0.0	3.4482758620689653	0.0	0.0	0.0	0.0	0.0	0.0	0.0	0.0	0.0	0.0	0.0	0.0	0.0	0.0	0.0	0.0	0.0	0.0	0.0	0.0	0.0	0.0	0.0	0.0	0.0	0.0	0.0	0.0	0.0	0.0	0.0	0.0	0.0	0.0	0.0	0.0	0.0	0.0	0.0	0.0	3.4482758620689653	0.0	0.0	0.0	0.0	1	0.908611426136559
SDEAVRAIPKMYSTAPPGDFETIPDDAIEER	31	3421.6975000000007	0.06451612903225806	4.071627235412598	58.225806451612904	1	12.903225806451612	0.0	12.903225806451612	12.903225806451612	3.225806451612903	3.225806451612903	0.0	9.67741935483871	3.225806451612903	0.0	3.225806451612903	0.0	12.903225806451612	0.0	6.451612903225806	6.451612903225806	6.451612903225806	3.225806451612903	0.0	3.225806451612903	0.419	0.387	0.194	0.323	0.355	0.323	0.387	0.258	0.355	0.097	0.645	0.258	0.226	0.419	0.355	0.548	0.258	0.194	0.355	0.452	0.194	0.333	0.1	0.133	0.267	0.2	0.167	0.3	0.133	0.167	0.133	0.033	0.3	0.233	0.167	0.267	0.3	0.133	0.1	0.267	0.167	0.233	3.226	12.903	45.161	61.29	87.097	9.677	25.806	54.839	77.419	96.774	19.355	19.355	35.484	38.71	100.0	12.903	16.129	48.387	64.516	90.323	6.452	9.677	61.29	83.871	100.0	3.226	29.032	41.935	51.613	77.419	9.677	19.355	35.484	87.097	100.0	16.129	25.806	45.161	70.968	90.323	3.226	6.452	51.613	61.29	83.871	19.355	100.0	19.355	32.258	100.0	3.226	25.806	45.161	64.516	90.323	6.452	9.677	67.742	83.871	96.774	16.129	16.129	35.484	64.516	90.323	3.226	22.581	45.161	54.839	87.097	6.452	9.677	61.29	83.871	100.0	3.226	22.581	48.387	61.29	87.097	9.677	16.129	67.742	90.323	96.774	19.355	19.355	35.484	38.71	100.0	6.452	9.677	61.29	83.871	100.0	3.226	22.581	45.161	54.839	87.097	16.129	16.129	35.484	64.516	90.323	0.0	0.0	0.0	0.0	0.0	0.0	0.0	6.666666666666667	0.0	0.0	0.0	0.0	3.3333333333333335	0.0	0.0	0.0	0.0	3.3333333333333335	0.0	0.0	0.0	0.0	0.0	0.0	0.0	0.0	0.0	0.0	0.0	0.0	0.0	0.0	0.0	0.0	0.0	0.0	0.0	0.0	0.0	0.0	3.3333333333333335	0.0	3.3333333333333335	3.3333333333333335	3.3333333333333335	0.0	0.0	0.0	0.0	0.0	0.0	0.0	0.0	0.0	0.0	0.0	0.0	0.0	0.0	0.0	3.3333333333333335	0.0	0.0	3.3333333333333335	0.0	0.0	0.0	0.0	0.0	0.0	0.0	0.0	0.0	0.0	3.3333333333333335	0.0	3.3333333333333335	0.0	0.0	0.0	0.0	0.0	0.0	3.3333333333333335	0.0	0.0	0.0	0.0	0.0	0.0	0.0	0.0	0.0	0.0	0.0	0.0	0.0	0.0	0.0	0.0	0.0	0.0	3.3333333333333335	0.0	0.0	0.0	0.0	0.0	0.0	0.0	0.0	0.0	0.0	0.0	0.0	0.0	0.0	0.0	0.0	0.0	0.0	0.0	0.0	0.0	0.0	0.0	0.0	0.0	0.0	0.0	0.0	0.0	0.0	0.0	0.0	0.0	0.0	0.0	0.0	0.0	0.0	0.0	0.0	3.3333333333333335	0.0	0.0	0.0	0.0	0.0	0.0	0.0	0.0	6.666666666666667	0.0	0.0	0.0	0.0	0.0	0.0	0.0	0.0	0.0	0.0	0.0	0.0	0.0	0.0	0.0	0.0	0.0	3.3333333333333335	0.0	0.0	0.0	0.0	0.0	0.0	0.0	0.0	0.0	0.0	0.0	0.0	0.0	0.0	0.0	0.0	0.0	0.0	0.0	0.0	0.0	0.0	0.0	0.0	0.0	0.0	0.0	0.0	0.0	0.0	0.0	0.0	0.0	0.0	0.0	0.0	0.0	0.0	0.0	0.0	0.0	0.0	0.0	0.0	0.0	0.0	0.0	0.0	3.3333333333333335	0.0	0.0	0.0	0.0	0.0	0.0	0.0	0.0	0.0	0.0	0.0	0.0	0.0	0.0	0.0	0.0	0.0	0.0	0.0	0.0	0.0	0.0	3.3333333333333335	0.0	0.0	3.3333333333333335	0.0	0.0	3.3333333333333335	0.0	0.0	0.0	3.3333333333333335	0.0	0.0	0.0	0.0	0.0	0.0	0.0	0.0	0.0	0.0	0.0	0.0	0.0	0.0	0.0	0.0	0.0	0.0	0.0	0.0	0.0	0.0	0.0	0.0	0.0	0.0	0.0	3.3333333333333335	0.0	0.0	0.0	0.0	0.0	0.0	0.0	0.0	0.0	0.0	0.0	0.0	0.0	0.0	0.0	0.0	0.0	0.0	0.0	0.0	0.0	3.3333333333333335	0.0	0.0	0.0	0.0	0.0	0.0	0.0	0.0	0.0	0.0	0.0	0.0	0.0	3.3333333333333335	0.0	0.0	0.0	3.3333333333333335	0.0	0.0	0.0	0.0	0.0	0.0	3.3333333333333335	0.0	0.0	0.0	0.0	0.0	0.0	0.0	0.0	0.0	0.0	0.0	0.0	0.0	0.0	0.0	0.0	0.0	0.0	0.0	0.0	0.0	0.0	0.0	0.0	0.0	0.0	3.3333333333333335	0.0	0.0	0.0	0.0	0.0	0.0	0.0	0.0	0.0	0.0	0.0	0.0	0.0	0.0	0.0	0.0	0.0	0.0	0.0	0.0	0.0	0.0	0.0	0.0	0.0	0.0	0.0	0.0	0.0	0.0	0.0	0.0	0.0	0.0	0.0	0.0	0.0	0.0	0.0	0.0	3.3333333333333335	0.0	0.0	0.0	0.0	1	0.9033280707963222
SDEAVRAIPKMYSTAPPGDFEEIPEEYLDDES	32	3601.808500000001	0.09375	4.0500284194946286	73.0	1	9.375	0.0	12.5	18.75	3.125	3.125	0.0	6.25	3.125	3.125	3.125	0.0	12.5	0.0	3.125	9.375	3.125	3.125	0.0	6.25	0.375	0.438	0.188	0.281	0.375	0.344	0.406	0.219	0.375	0.062	0.625	0.312	0.25	0.375	0.375	0.5	0.312	0.188	0.375	0.438	0.188	0.29	0.097	0.161	0.258	0.194	0.194	0.29	0.226	0.161	0.129	0.0	0.323	0.161	0.226	0.226	0.323	0.129	0.129	0.258	0.194	0.194	3.125	12.5	43.75	59.375	100.0	9.375	25.0	65.625	75.0	96.875	18.75	18.75	34.375	37.5	84.375	12.5	15.625	25.0	56.25	87.5	6.25	18.75	65.625	81.25	96.875	3.125	28.125	40.625	53.125	100.0	9.375	18.75	34.375	68.75	96.875	15.625	15.625	37.5	62.5	84.375	3.125	28.125	53.125	75.0	100.0	18.75	31.25	18.75	18.75	31.25	3.125	25.0	43.75	62.5	100.0	6.25	9.375	68.75	81.25	96.875	15.625	25.0	37.5	71.875	87.5	3.125	21.875	43.75	53.125	100.0	6.25	18.75	65.625	81.25	96.875	3.125	21.875	46.875	59.375	100.0	9.375	15.625	68.75	78.125	96.875	18.75	18.75	34.375	37.5	84.375	6.25	18.75	65.625	81.25	96.875	3.125	21.875	43.75	53.125	100.0	15.625	15.625	34.375	62.5	87.5	0.0	0.0	0.0	0.0	0.0	0.0	0.0	3.225806451612903	0.0	0.0	0.0	0.0	3.225806451612903	0.0	0.0	0.0	0.0	3.225806451612903	0.0	0.0	0.0	0.0	0.0	0.0	0.0	0.0	0.0	0.0	0.0	0.0	0.0	0.0	0.0	0.0	0.0	0.0	0.0	0.0	0.0	0.0	0.0	0.0	3.225806451612903	6.451612903225806	3.225806451612903	0.0	0.0	0.0	0.0	0.0	0.0	0.0	0.0	0.0	0.0	0.0	0.0	0.0	0.0	0.0	3.225806451612903	0.0	0.0	6.451612903225806	0.0	0.0	0.0	3.225806451612903	0.0	0.0	0.0	0.0	0.0	0.0	0.0	3.225806451612903	0.0	0.0	0.0	3.225806451612903	0.0	0.0	0.0	3.225806451612903	0.0	0.0	0.0	0.0	0.0	0.0	0.0	0.0	0.0	0.0	0.0	0.0	0.0	0.0	0.0	0.0	0.0	0.0	3.225806451612903	0.0	0.0	0.0	0.0	0.0	0.0	0.0	0.0	0.0	0.0	0.0	0.0	0.0	0.0	0.0	0.0	0.0	0.0	0.0	0.0	0.0	0.0	0.0	0.0	0.0	0.0	0.0	0.0	0.0	0.0	0.0	0.0	0.0	0.0	0.0	0.0	0.0	0.0	0.0	0.0	0.0	0.0	0.0	0.0	0.0	0.0	0.0	0.0	0.0	6.451612903225806	0.0	0.0	0.0	0.0	0.0	0.0	0.0	0.0	0.0	0.0	0.0	0.0	0.0	0.0	0.0	0.0	0.0	3.225806451612903	0.0	0.0	0.0	0.0	0.0	0.0	0.0	0.0	0.0	0.0	0.0	3.225806451612903	0.0	0.0	0.0	0.0	0.0	0.0	0.0	0.0	0.0	0.0	0.0	0.0	0.0	0.0	0.0	0.0	0.0	0.0	0.0	0.0	0.0	0.0	0.0	0.0	0.0	0.0	0.0	0.0	0.0	0.0	0.0	0.0	0.0	0.0	0.0	0.0	3.225806451612903	0.0	0.0	0.0	0.0	0.0	0.0	0.0	0.0	0.0	0.0	0.0	0.0	0.0	0.0	0.0	0.0	0.0	0.0	0.0	0.0	0.0	0.0	0.0	3.225806451612903	0.0	3.225806451612903	0.0	0.0	3.225806451612903	0.0	0.0	0.0	3.225806451612903	0.0	0.0	0.0	0.0	0.0	0.0	0.0	0.0	0.0	0.0	0.0	0.0	0.0	0.0	0.0	0.0	0.0	0.0	0.0	0.0	0.0	0.0	0.0	0.0	0.0	0.0	0.0	3.225806451612903	0.0	0.0	0.0	0.0	0.0	0.0	0.0	0.0	0.0	0.0	0.0	0.0	0.0	0.0	0.0	0.0	0.0	0.0	0.0	0.0	0.0	3.225806451612903	0.0	0.0	0.0	0.0	0.0	0.0	0.0	0.0	0.0	0.0	0.0	0.0	0.0	3.225806451612903	0.0	0.0	0.0	3.225806451612903	0.0	0.0	0.0	0.0	0.0	0.0	0.0	0.0	0.0	0.0	0.0	0.0	0.0	0.0	0.0	0.0	0.0	0.0	0.0	0.0	0.0	0.0	0.0	0.0	0.0	0.0	0.0	0.0	0.0	0.0	0.0	0.0	0.0	3.225806451612903	0.0	0.0	0.0	0.0	0.0	0.0	0.0	0.0	0.0	0.0	0.0	0.0	0.0	0.0	0.0	0.0	0.0	0.0	0.0	0.0	0.0	0.0	0.0	0.0	0.0	0.0	0.0	0.0	0.0	0.0	0.0	0.0	0.0	0.0	3.225806451612903	0.0	0.0	0.0	0.0	0.0	3.225806451612903	0.0	0.0	0.0	0.0	1	0.89120300238767
SDEAVRAIPKMYSTAPPGDFEEIPDDEIEE	30	3351.558000000001	0.06666666666666667	4.0500284194946286	83.53999999999999	1	10.0	0.0	13.333333333333334	20.0	3.3333333333333335	3.3333333333333335	0.0	10.0	3.3333333333333335	0.0	3.3333333333333335	0.0	13.333333333333334	0.0	3.3333333333333335	6.666666666666667	3.3333333333333335	3.3333333333333335	0.0	3.3333333333333335	0.367	0.467	0.167	0.3	0.4	0.3	0.4	0.233	0.367	0.067	0.6	0.333	0.233	0.367	0.4	0.5	0.333	0.167	0.4	0.4	0.2	0.276	0.103	0.103	0.31	0.172	0.138	0.31	0.138	0.172	0.138	0.0	0.31	0.172	0.241	0.207	0.241	0.138	0.069	0.207	0.241	0.172	3.333	6.667	43.333	60.0	86.667	10.0	26.667	70.0	80.0	100.0	20.0	20.0	33.333	36.667	66.667	13.333	16.667	26.667	60.0	93.333	6.667	20.0	70.0	86.667	100.0	3.333	30.0	40.0	46.667	80.0	10.0	20.0	36.667	73.333	100.0	16.667	16.667	40.0	66.667	93.333	3.333	6.667	53.333	63.333	86.667	20.0	33.333	20.0	20.0	33.333	3.333	23.333	43.333	56.667	93.333	6.667	10.0	73.333	86.667	100.0	16.667	16.667	36.667	66.667	93.333	3.333	13.333	43.333	53.333	80.0	6.667	20.0	70.0	86.667	100.0	3.333	13.333	46.667	60.0	86.667	10.0	16.667	73.333	90.0	100.0	20.0	20.0	33.333	36.667	66.667	6.667	20.0	70.0	86.667	100.0	3.333	23.333	43.333	53.333	80.0	16.667	16.667	36.667	66.667	93.333	0.0	0.0	0.0	0.0	0.0	0.0	0.0	3.4482758620689653	0.0	0.0	0.0	0.0	3.4482758620689653	0.0	0.0	0.0	0.0	3.4482758620689653	0.0	0.0	0.0	0.0	0.0	0.0	0.0	0.0	0.0	0.0	0.0	0.0	0.0	0.0	0.0	0.0	0.0	0.0	0.0	0.0	0.0	0.0	0.0	0.0	3.4482758620689653	6.896551724137931	3.4482758620689653	0.0	0.0	0.0	0.0	0.0	0.0	0.0	0.0	0.0	0.0	0.0	0.0	0.0	0.0	0.0	3.4482758620689653	0.0	0.0	6.896551724137931	0.0	0.0	0.0	6.896551724137931	0.0	0.0	0.0	0.0	0.0	0.0	0.0	0.0	0.0	0.0	0.0	0.0	0.0	0.0	0.0	3.4482758620689653	0.0	0.0	0.0	0.0	0.0	0.0	0.0	0.0	0.0	0.0	0.0	0.0	0.0	0.0	0.0	0.0	0.0	0.0	3.4482758620689653	0.0	0.0	0.0	0.0	0.0	0.0	0.0	0.0	0.0	0.0	0.0	0.0	0.0	0.0	0.0	0.0	0.0	0.0	0.0	0.0	0.0	0.0	0.0	0.0	0.0	0.0	0.0	0.0	0.0	0.0	0.0	0.0	0.0	0.0	0.0	0.0	0.0	0.0	0.0	0.0	3.4482758620689653	0.0	0.0	0.0	0.0	0.0	0.0	0.0	0.0	6.896551724137931	0.0	0.0	0.0	0.0	0.0	0.0	0.0	0.0	0.0	0.0	0.0	0.0	0.0	0.0	0.0	0.0	0.0	3.4482758620689653	0.0	0.0	0.0	0.0	0.0	0.0	0.0	0.0	0.0	0.0	0.0	0.0	0.0	0.0	0.0	0.0	0.0	0.0	0.0	0.0	0.0	0.0	0.0	0.0	0.0	0.0	0.0	0.0	0.0	0.0	0.0	0.0	0.0	0.0	0.0	0.0	0.0	0.0	0.0	0.0	0.0	0.0	0.0	0.0	0.0	0.0	0.0	0.0	3.4482758620689653	0.0	0.0	0.0	0.0	0.0	0.0	0.0	0.0	0.0	0.0	0.0	0.0	0.0	0.0	0.0	0.0	0.0	0.0	0.0	0.0	0.0	0.0	3.4482758620689653	0.0	0.0	3.4482758620689653	0.0	0.0	3.4482758620689653	0.0	0.0	0.0	3.4482758620689653	0.0	0.0	0.0	0.0	0.0	0.0	0.0	0.0	0.0	0.0	0.0	0.0	0.0	0.0	0.0	0.0	0.0	0.0	0.0	0.0	0.0	0.0	0.0	0.0	0.0	0.0	0.0	3.4482758620689653	0.0	0.0	0.0	0.0	0.0	0.0	0.0	0.0	0.0	0.0	0.0	0.0	0.0	0.0	0.0	0.0	0.0	0.0	0.0	0.0	0.0	3.4482758620689653	0.0	0.0	0.0	0.0	0.0	0.0	0.0	0.0	0.0	0.0	0.0	0.0	0.0	3.4482758620689653	0.0	0.0	0.0	3.4482758620689653	0.0	0.0	0.0	0.0	0.0	0.0	0.0	0.0	0.0	0.0	0.0	0.0	0.0	0.0	0.0	0.0	0.0	0.0	0.0	0.0	0.0	0.0	0.0	0.0	0.0	0.0	0.0	0.0	0.0	0.0	0.0	0.0	0.0	3.4482758620689653	0.0	0.0	0.0	0.0	0.0	0.0	0.0	0.0	0.0	0.0	0.0	0.0	0.0	0.0	0.0	0.0	0.0	0.0	0.0	0.0	0.0	0.0	0.0	0.0	0.0	0.0	0.0	0.0	0.0	0.0	0.0	0.0	0.0	0.0	0.0	0.0	0.0	0.0	0.0	0.0	3.4482758620689653	0.0	0.0	0.0	0.0	1	0.8755099511257114
SDEAVRAIPKMYSTAPPGDFETIPDDAIEE	30	3265.5118	0.06666666666666667	4.0500284194946286	59.83333333333333	1	13.333333333333334	0.0	13.333333333333334	13.333333333333334	3.3333333333333335	3.3333333333333335	0.0	10.0	3.3333333333333335	0.0	3.3333333333333335	0.0	13.333333333333334	0.0	3.3333333333333335	6.666666666666667	6.666666666666667	3.3333333333333335	0.0	3.3333333333333335	0.433	0.4	0.167	0.333	0.333	0.333	0.367	0.267	0.367	0.067	0.667	0.267	0.233	0.433	0.333	0.567	0.267	0.167	0.333	0.467	0.2	0.345	0.103	0.103	0.276	0.207	0.172	0.31	0.138	0.172	0.138	0.0	0.31	0.241	0.172	0.276	0.31	0.138	0.069	0.276	0.172	0.241	3.333	13.333	46.667	63.333	90.0	10.0	26.667	56.667	80.0	100.0	20.0	20.0	33.333	36.667	66.667	13.333	16.667	50.0	66.667	93.333	6.667	10.0	63.333	83.333	100.0	3.333	30.0	43.333	53.333	80.0	10.0	13.333	33.333	70.0	100.0	16.667	26.667	46.667	73.333	93.333	3.333	6.667	53.333	63.333	86.667	20.0	33.333	20.0	20.0	33.333	3.333	26.667	46.667	66.667	93.333	6.667	10.0	70.0	86.667	100.0	16.667	16.667	36.667	66.667	93.333	3.333	23.333	46.667	56.667	90.0	6.667	10.0	63.333	83.333	100.0	3.333	23.333	50.0	63.333	90.0	10.0	16.667	70.0	93.333	100.0	20.0	20.0	33.333	36.667	66.667	6.667	10.0	63.333	83.333	100.0	3.333	23.333	46.667	56.667	90.0	16.667	16.667	36.667	66.667	93.333	0.0	0.0	0.0	0.0	0.0	0.0	0.0	6.896551724137931	0.0	0.0	0.0	0.0	3.4482758620689653	0.0	0.0	0.0	0.0	3.4482758620689653	0.0	0.0	0.0	0.0	0.0	0.0	0.0	0.0	0.0	0.0	0.0	0.0	0.0	0.0	0.0	0.0	0.0	0.0	0.0	0.0	0.0	0.0	3.4482758620689653	0.0	3.4482758620689653	3.4482758620689653	3.4482758620689653	0.0	0.0	0.0	0.0	0.0	0.0	0.0	0.0	0.0	0.0	0.0	0.0	0.0	0.0	0.0	3.4482758620689653	0.0	0.0	3.4482758620689653	0.0	0.0	0.0	0.0	0.0	0.0	0.0	0.0	0.0	0.0	0.0	0.0	3.4482758620689653	0.0	0.0	0.0	0.0	0.0	0.0	3.4482758620689653	0.0	0.0	0.0	0.0	0.0	0.0	0.0	0.0	0.0	0.0	0.0	0.0	0.0	0.0	0.0	0.0	0.0	0.0	3.4482758620689653	0.0	0.0	0.0	0.0	0.0	0.0	0.0	0.0	0.0	0.0	0.0	0.0	0.0	0.0	0.0	0.0	0.0	0.0	0.0	0.0	0.0	0.0	0.0	0.0	0.0	0.0	0.0	0.0	0.0	0.0	0.0	0.0	0.0	0.0	0.0	0.0	0.0	0.0	0.0	0.0	3.4482758620689653	0.0	0.0	0.0	0.0	0.0	0.0	0.0	0.0	6.896551724137931	0.0	0.0	0.0	0.0	0.0	0.0	0.0	0.0	0.0	0.0	0.0	0.0	0.0	0.0	0.0	0.0	0.0	3.4482758620689653	0.0	0.0	0.0	0.0	0.0	0.0	0.0	0.0	0.0	0.0	0.0	0.0	0.0	0.0	0.0	0.0	0.0	0.0	0.0	0.0	0.0	0.0	0.0	0.0	0.0	0.0	0.0	0.0	0.0	0.0	0.0	0.0	0.0	0.0	0.0	0.0	0.0	0.0	0.0	0.0	0.0	0.0	0.0	0.0	0.0	0.0	0.0	0.0	3.4482758620689653	0.0	0.0	0.0	0.0	0.0	0.0	0.0	0.0	0.0	0.0	0.0	0.0	0.0	0.0	0.0	0.0	0.0	0.0	0.0	0.0	0.0	0.0	3.4482758620689653	0.0	0.0	3.4482758620689653	0.0	0.0	3.4482758620689653	0.0	0.0	0.0	3.4482758620689653	0.0	0.0	0.0	0.0	0.0	0.0	0.0	0.0	0.0	0.0	0.0	0.0	0.0	0.0	0.0	0.0	0.0	0.0	0.0	0.0	0.0	0.0	0.0	0.0	0.0	0.0	0.0	3.4482758620689653	0.0	0.0	0.0	0.0	0.0	0.0	0.0	0.0	0.0	0.0	0.0	0.0	0.0	0.0	0.0	0.0	0.0	0.0	0.0	0.0	0.0	3.4482758620689653	0.0	0.0	0.0	0.0	0.0	0.0	0.0	0.0	0.0	0.0	0.0	0.0	0.0	3.4482758620689653	0.0	0.0	0.0	3.4482758620689653	0.0	0.0	0.0	0.0	0.0	0.0	3.4482758620689653	0.0	0.0	0.0	0.0	0.0	0.0	0.0	0.0	0.0	0.0	0.0	0.0	0.0	0.0	0.0	0.0	0.0	0.0	0.0	0.0	0.0	0.0	0.0	0.0	0.0	0.0	3.4482758620689653	0.0	0.0	0.0	0.0	0.0	0.0	0.0	0.0	0.0	0.0	0.0	0.0	0.0	0.0	0.0	0.0	0.0	0.0	0.0	0.0	0.0	0.0	0.0	0.0	0.0	0.0	0.0	0.0	0.0	0.0	0.0	0.0	0.0	0.0	0.0	0.0	0.0	0.0	0.0	0.0	3.4482758620689653	0.0	0.0	0.0	0.0	1	0.8575139250126892
SDEAVRAIPKMYSTAPPGDFETIPDDAIEEREMKAR	36	4037.443400000001	0.05555555555555555	4.399929237365723	51.52777777777778	1	13.88888888888889	0.0	11.11111111111111	13.88888888888889	2.7777777777777777	2.7777777777777777	0.0	8.333333333333332	5.555555555555555	0.0	5.555555555555555	0.0	11.11111111111111	0.0	8.333333333333332	5.555555555555555	5.555555555555555	2.7777777777777777	0.0	2.7777777777777777	0.389	0.361	0.25	0.306	0.389	0.306	0.472	0.222	0.306	0.139	0.611	0.25	0.222	0.389	0.389	0.5	0.25	0.25	0.389	0.417	0.194	0.286	0.143	0.171	0.286	0.171	0.2	0.257	0.114	0.143	0.2	0.057	0.286	0.2	0.2	0.286	0.257	0.171	0.143	0.286	0.2	0.2	2.778	11.111	41.667	61.111	97.222	8.333	22.222	47.222	66.667	88.889	16.667	27.778	33.333	86.111	100.0	11.111	13.889	41.667	63.889	97.222	5.556	16.667	69.444	83.333	100.0	2.778	25.0	36.111	47.222	91.667	8.333	19.444	58.333	86.111	100.0	13.889	22.222	38.889	61.111	77.778	2.778	5.556	44.444	52.778	72.222	16.667	16.667	27.778	86.111	100.0	2.778	22.222	41.667	61.111	97.222	5.556	8.333	58.333	72.222	88.889	13.889	22.222	33.333	63.889	91.667	2.778	19.444	41.667	50.0	97.222	5.556	16.667	69.444	83.333	100.0	2.778	19.444	44.444	61.111	97.222	8.333	13.889	58.333	77.778	88.889	16.667	27.778	33.333	86.111	100.0	5.556	16.667	69.444	83.333	100.0	2.778	19.444	38.889	50.0	97.222	13.889	13.889	30.556	63.889	91.667	0.0	0.0	0.0	0.0	0.0	0.0	0.0	5.714285714285714	0.0	0.0	0.0	0.0	2.857142857142857	0.0	2.857142857142857	0.0	0.0	2.857142857142857	0.0	0.0	0.0	0.0	0.0	0.0	0.0	0.0	0.0	0.0	0.0	0.0	0.0	0.0	0.0	0.0	0.0	0.0	0.0	0.0	0.0	0.0	2.857142857142857	0.0	2.857142857142857	2.857142857142857	2.857142857142857	0.0	0.0	0.0	0.0	0.0	0.0	0.0	0.0	0.0	0.0	0.0	0.0	0.0	0.0	0.0	2.857142857142857	0.0	0.0	2.857142857142857	0.0	0.0	0.0	0.0	0.0	0.0	2.857142857142857	0.0	0.0	0.0	2.857142857142857	0.0	2.857142857142857	0.0	0.0	0.0	0.0	0.0	0.0	2.857142857142857	0.0	0.0	0.0	0.0	0.0	0.0	0.0	0.0	0.0	0.0	0.0	0.0	0.0	0.0	0.0	0.0	0.0	0.0	2.857142857142857	0.0	0.0	0.0	0.0	0.0	0.0	0.0	0.0	0.0	0.0	0.0	0.0	0.0	0.0	0.0	0.0	0.0	0.0	0.0	0.0	0.0	0.0	0.0	0.0	0.0	0.0	0.0	0.0	0.0	0.0	0.0	0.0	0.0	0.0	0.0	0.0	0.0	0.0	0.0	0.0	2.857142857142857	0.0	0.0	0.0	0.0	0.0	0.0	0.0	0.0	5.714285714285714	0.0	0.0	0.0	0.0	0.0	0.0	0.0	2.857142857142857	0.0	0.0	0.0	0.0	0.0	0.0	0.0	0.0	0.0	2.857142857142857	0.0	0.0	0.0	0.0	0.0	0.0	0.0	0.0	0.0	0.0	0.0	0.0	0.0	0.0	0.0	0.0	0.0	0.0	0.0	0.0	0.0	0.0	0.0	0.0	0.0	0.0	0.0	0.0	0.0	0.0	0.0	0.0	0.0	0.0	0.0	0.0	0.0	2.857142857142857	0.0	0.0	0.0	0.0	0.0	0.0	0.0	0.0	0.0	0.0	2.857142857142857	0.0	0.0	0.0	0.0	0.0	0.0	0.0	0.0	0.0	0.0	0.0	0.0	0.0	0.0	0.0	0.0	0.0	0.0	0.0	0.0	0.0	0.0	2.857142857142857	0.0	0.0	2.857142857142857	0.0	0.0	2.857142857142857	0.0	0.0	0.0	2.857142857142857	0.0	0.0	0.0	0.0	0.0	0.0	0.0	0.0	0.0	0.0	0.0	0.0	0.0	0.0	0.0	0.0	0.0	0.0	0.0	0.0	0.0	0.0	0.0	0.0	0.0	0.0	0.0	2.857142857142857	0.0	0.0	2.857142857142857	0.0	0.0	0.0	0.0	0.0	0.0	0.0	0.0	0.0	0.0	0.0	0.0	0.0	0.0	0.0	0.0	0.0	0.0	2.857142857142857	0.0	0.0	0.0	0.0	0.0	0.0	0.0	0.0	0.0	0.0	0.0	0.0	0.0	2.857142857142857	0.0	0.0	0.0	2.857142857142857	0.0	0.0	0.0	0.0	0.0	0.0	2.857142857142857	0.0	0.0	0.0	0.0	0.0	0.0	0.0	0.0	0.0	0.0	0.0	0.0	0.0	0.0	0.0	0.0	0.0	0.0	0.0	0.0	0.0	0.0	0.0	0.0	0.0	0.0	2.857142857142857	0.0	0.0	0.0	0.0	0.0	0.0	0.0	0.0	0.0	0.0	0.0	0.0	0.0	0.0	0.0	0.0	0.0	0.0	0.0	0.0	0.0	0.0	0.0	0.0	0.0	0.0	0.0	0.0	0.0	0.0	0.0	0.0	0.0	0.0	0.0	0.0	0.0	0.0	0.0	0.0	2.857142857142857	0.0	0.0	0.0	0.0	1	0.7463081739272723
MYSTAPPGDFEEIPDDAIEE	20	2226.3256	0.1	4.0500284194946286	95.82	1	10.0	0.0	15.0	20.0	5.0	5.0	0.0	10.0	0.0	0.0	5.0	0.0	15.0	0.0	0.0	5.0	5.0	0.0	0.0	5.0	0.4	0.45	0.15	0.3	0.35	0.35	0.35	0.25	0.4	0.0	0.65	0.35	0.25	0.4	0.35	0.55	0.3	0.15	0.35	0.45	0.2	0.211	0.105	0.053	0.316	0.211	0.053	0.316	0.105	0.211	0.0	0.0	0.368	0.158	0.211	0.158	0.105	0.105	0.053	0.158	0.211	0.158	15.0	20.0	40.0	75.0	85.0	30.0	35.0	60.0	70.0	100.0	5.0	50.0	5.0	10.0	50.0	25.0	25.0	50.0	65.0	90.0	45.0	45.0	60.0	80.0	100.0	5.0	5.0	15.0	30.0	70.0	5.0	5.0	55.0	85.0	100.0	10.0	10.0	20.0	50.0	90.0	15.0	30.0	40.0	70.0	80.0	0.0	0.0	0.0	0.0	0.0	5.0	15.0	30.0	50.0	90.0	45.0	45.0	60.0	80.0	100.0	5.0	5.0	10.0	50.0	90.0	15.0	20.0	30.0	40.0	85.0	45.0	45.0	60.0	80.0	100.0	15.0	20.0	35.0	70.0	85.0	55.0	55.0	65.0	90.0	100.0	5.0	50.0	5.0	10.0	50.0	45.0	45.0	60.0	80.0	100.0	10.0	15.0	25.0	35.0	85.0	5.0	5.0	50.0	65.0	90.0	0.0	0.0	0.0	0.0	0.0	0.0	0.0	5.263157894736842	0.0	0.0	0.0	0.0	5.263157894736842	0.0	0.0	0.0	0.0	0.0	0.0	0.0	0.0	0.0	0.0	0.0	0.0	0.0	0.0	0.0	0.0	0.0	0.0	0.0	0.0	0.0	0.0	0.0	0.0	0.0	0.0	0.0	5.263157894736842	0.0	5.263157894736842	0.0	5.263157894736842	0.0	0.0	0.0	0.0	0.0	0.0	0.0	0.0	0.0	0.0	0.0	0.0	0.0	0.0	0.0	0.0	0.0	0.0	10.526315789473683	0.0	0.0	0.0	5.263157894736842	0.0	0.0	0.0	0.0	0.0	0.0	0.0	0.0	0.0	0.0	0.0	0.0	0.0	0.0	0.0	5.263157894736842	0.0	0.0	0.0	0.0	0.0	0.0	0.0	0.0	0.0	0.0	0.0	0.0	0.0	0.0	0.0	0.0	0.0	0.0	5.263157894736842	0.0	0.0	0.0	0.0	0.0	0.0	0.0	0.0	0.0	0.0	0.0	0.0	0.0	0.0	0.0	0.0	0.0	0.0	0.0	0.0	0.0	0.0	0.0	0.0	0.0	0.0	0.0	0.0	0.0	0.0	0.0	0.0	0.0	0.0	0.0	0.0	0.0	0.0	0.0	0.0	5.263157894736842	0.0	0.0	0.0	0.0	0.0	0.0	0.0	0.0	5.263157894736842	0.0	0.0	0.0	0.0	0.0	0.0	0.0	0.0	0.0	0.0	0.0	0.0	0.0	0.0	0.0	0.0	0.0	0.0	0.0	0.0	0.0	0.0	0.0	0.0	0.0	0.0	0.0	0.0	0.0	0.0	0.0	0.0	0.0	0.0	0.0	0.0	0.0	0.0	0.0	0.0	0.0	0.0	0.0	0.0	0.0	0.0	0.0	0.0	0.0	0.0	0.0	0.0	0.0	0.0	0.0	0.0	0.0	0.0	0.0	0.0	0.0	0.0	0.0	0.0	0.0	0.0	5.263157894736842	0.0	0.0	0.0	0.0	0.0	0.0	0.0	0.0	0.0	0.0	0.0	0.0	0.0	0.0	0.0	0.0	0.0	0.0	0.0	0.0	0.0	0.0	5.263157894736842	0.0	0.0	5.263157894736842	0.0	0.0	0.0	0.0	0.0	0.0	5.263157894736842	0.0	0.0	0.0	0.0	0.0	0.0	0.0	0.0	0.0	0.0	0.0	0.0	0.0	0.0	0.0	0.0	0.0	0.0	0.0	0.0	0.0	0.0	0.0	0.0	0.0	0.0	0.0	0.0	0.0	0.0	0.0	0.0	0.0	0.0	0.0	0.0	0.0	0.0	0.0	0.0	0.0	0.0	0.0	0.0	0.0	0.0	0.0	0.0	0.0	0.0	0.0	0.0	0.0	0.0	0.0	0.0	0.0	0.0	0.0	0.0	0.0	0.0	0.0	5.263157894736842	0.0	0.0	0.0	5.263157894736842	0.0	0.0	0.0	0.0	0.0	0.0	0.0	0.0	0.0	0.0	0.0	0.0	0.0	0.0	0.0	0.0	0.0	0.0	0.0	0.0	0.0	0.0	0.0	0.0	0.0	0.0	0.0	0.0	0.0	0.0	0.0	0.0	0.0	0.0	0.0	0.0	0.0	0.0	0.0	0.0	0.0	0.0	0.0	0.0	0.0	0.0	0.0	0.0	0.0	0.0	0.0	0.0	0.0	0.0	0.0	0.0	0.0	0.0	0.0	0.0	0.0	0.0	0.0	0.0	0.0	0.0	0.0	0.0	0.0	0.0	0.0	0.0	0.0	0.0	5.263157894736842	0.0	0.0	0.0	0.0	1	0.6017212083799917
